S.No,Model Name,SKU Code,MRP (INR),Dimensions (LxWxH mm),Trap Distance,Flushing Technology,Product URL,Image URL,Warranty,Features & Description
1,Element One Piece Toilet - S 300,522498,24500,690x360x740mm,S-300 mm (12 inches),Syphonic Flushing,https://hindware.com/p/bath/element-one-piece-toilet-s-300,https://hindwarestg.blob.core.windows.net/container1/products/522498.jpg,Ceramic Body - 10 Years  Seat Cover & Fittings - 1 Year,"The Element One Piece Water Closet brings together contemporary minimalism and efficient performance, crafted for modern urban lifestyles. | | Syphonic Flushing System: Ensures deep, powerful cleaning with every flush for superior hygiene. | Soft-Close Seat: Offers gentle, noise-free closing to enhance daily comfort and longevity. | 3-Star Water Efficiency Rating: Reduces water consumption without compromising performance, promoting sustainable living. | Streamlined One-Piece Form: Designed for easy maintenance and a clutter-free, modern aesthetic."
2,Aster R One Piece Toilet - S 300,525735,23500,625 x 375 x 720 mm,S-300 mm (12 inches),Tornado Flushing,https://hindware.com/p/bath/aster-r-one-piece-toilet-s-300,https://hindwarestg.blob.core.windows.net/container1/products/525735.jpg,Ceramic Body - 10 Years  Seat Cover & Fittings - 1 Year,"Redefine flushing efficiency and everyday elegance with the Aster R One Piece Toilet. Designed for modern bathrooms, it combines advanced technology with sleek aesthetics for a truly elevated experience. | | Tornado Flushing System: | Delivers a powerful, circular flush that ensures thorough bowl coverage and superior cleanliness with every use. | | Soft-Close Duroplast Seat Cover: | Offers a quiet, controlled closing motion while enhancing durability and comfort with its high-grade Duroplast construction. | | One Piece Compact Design: | Integrates the tank and bowl into a seamless unit, saving space and adding a streamlined look to any bathroom setup. | | Modern Aesthetic: | Designed to complement contemporary spaces with its minimalist form and functional appeal."
3,Aster S One Piece Toilet - S 300,525737,23500,640 x 355 x 770 mm,S-300 mm (12 inches),Tornado Flushing,https://hindware.com/p/bath/aster-s-one-piece-toilet-s-300,https://hindwarestg.blob.core.windows.net/container1/products/525737.jpg,Ceramic Body - 10 Years  Seat Cover & Fittings - 1 Year,"Redefine flushing efficiency and everyday elegance with the Aster S One Piece Toilet. Designed for modern bathrooms, it combines advanced technology with sleek aesthetics for a truly elevated experience. | | Tornado Flushing System: | Delivers a powerful, circular flush that ensures thorough bowl coverage and superior cleanliness with every use. | | Soft-Close Duroplast Seat Cover: | Offers a quiet, controlled closing motion while enhancing durability and comfort with its high-grade Duroplast construction. | | One Piece Compact Design: | Integrates the tank and bowl into a seamless unit, saving space and adding a streamlined look to any bathroom setup. | | Modern Aesthetic: | Designed to complement contemporary spaces with its minimalist form and functional appeal."
4,Cora One Piece Toilet - S 300 Star White,522584,22990,675x380x770mm,S-300 mm (12 inches),2D Syphonic Flushing,https://hindware.com/p/bath/cora-one-piece-toilet-s-300-star-white,https://hindwarestg.blob.core.windows.net/container1/products/522584.jpg,Ceramic Body - 10 Years  Seat Cover & Fittings - 1 Year,"The Cora One Piece Toilet brings understated elegance to modern bathrooms, with a fluid design that complements both minimal and bold interiors. Designed for those who appreciate refined details and functional performance, this toilet delivers more than just style. | | Syphonic Flushing Technology: | Guarantees a powerful and efficient flush that clears waste effectively, while using minimal water, making it both eco-friendly and efficient. | | Vortex Action: | Utilizes a spiraling water flow to cover the entire bowl, ensuring a thorough clean and reducing the need for frequent maintenance. | | Soft-Close Duroplast Seat Cover: | Designed for a smooth, quiet close, this seat cover prevents damage over time and adds an elegant touch to your bathroom. | | Built to Last | : Constructed from premium ceramic, this toilet resists stains and scratches, offering long-term durability."
5,Cora One Piece Toilet - S 300,522402,22990,665x380x780mm,S-300 mm (12 inches),2D Syphonic Flushing,https://hindware.com/p/bath/cora-one-piece-toilet-s-300,https://hindwarestg.blob.core.windows.net/container1/products/522402.jpg,Ceramic Body - 10 Years  Seat Cover & Fittings - 1 Year,"Make a bold statement in your bathroom with the Cora Matte Black One Piece Toilet. Its seamless design and advanced flushing technology combine to offer both style and performance.​ | | | Syphonic Flushing System | : Ensures a powerful and efficient flush, maintaining cleanliness with minimal water usage. | | Vortex Action | : Delivers thorough bowl coverage, enhancing hygiene and reducing the need for frequent cleaning. | | Duroplast Slim Seat Cover | : Offers exceptional durability and a sleek appearance, complementing the modern design. | | Soft Close Mechanism | : Provides a quiet and gentle closing action, adding a touch of sophistication to your daily routine. | | Matte Black Finish | : Adds a contemporary and elegant touch, making it a standout piece in any bathroom setting."
6,Estella One Piece Toilet - S 300,522500,21200,620x370x720mm,S-300 mm (12 inches),Syphonic Flushing,https://hindware.com/p/bath/estella-one-piece-toilet-s-300,https://hindwarestg.blob.core.windows.net/container1/products/522500.jpg,Ceramic Body - 10 Years  Seat Cover & Fittings - 1 Year,"The Estella One Piece Closet balances modern aesthetics with functional innovation, making it an ideal choice for contemporary lifestyles. | | Seamless One-Piece Construction: Enhances hygiene and simplifies cleaning with a unified, smooth surface. | Soft-Close Seat Cover: Offers quiet operation and added durability for everyday comfort. | Modern Minimalist Design: Complements a range of interiors while keeping the visual focus clean and uncluttered. | Engineered for Efficiency: Blends thoughtful craftsmanship with reliable performance for daily convenience."
7,Essence Neo One Piece Toilet - S 300,9260131SW,20990,660x385x750mm,S-300 mm (12 inches),2D Syphonic Flushing,https://hindware.com/p/bath/essence-neo-one-piece-toilet-s-300,https://hindwarestg.blob.core.windows.net/container1/products/9260131SW.jpg,Ceramic Body - 10 Years  Seat Cover & Fittings - 1 Year,"The Hindware Essence Neo S-300 One Piece Closet embodies modern sophistication, seamlessly blending sleek design with advanced functionality. | | Syphonic Flushing System: Delivers powerful and efficient flushing, ensuring thorough cleaning with minimal water usage. | Vortex Action Flushing: Provides comprehensive bowl coverage, enhancing hygiene and reducing the need for frequent cleaning. | Soft-Close Seat Cover: Offers a quiet and gentle closing action, enhancing user comfort and preventing wear and tear. | Seamless One-Piece Design: Combines the cistern and bowl into a single, smooth unit, enhancing aesthetics and simplifying cleaning."
8,Clystra One Piece Toilet - S 300,529354,19990,680 x 370 x 710,S-300 mm (12 inches),Syphonic Flushing,https://hindware.com/p/bath/clystra-one-piece-toilet-s-300,https://hindwarestg.blob.core.windows.net/container1/products/529354-1778249338116.jpeg,Ceramic Body - 10 Years  Seat Cover & Fittings - 1 Year,"Designed to deliver a higher level of hygiene and modern sophistication, the Clystra S-300 one-piece closet combines advanced features with a refined, seamless form to elevate everyday bathroom experiences. Its sleek structure and contemporary styling make it a perfect fit for modern interiors seeking both elegance and performance. | | Equipped with a powerful syphonic flushing system, the S-300 ensures thorough and efficient cleaning with every flush, promoting superior hygiene. The rimless bowl design eliminates hidden corners, making cleaning easier while preventing the accumulation of dirt and bacteria. A durable UF seat cover with soft-close functionality ensures long-lasting performance, offering resistance to scratches and providing a smooth, noise-free closing experience. | | Built from premium ceramic, the S-300 delivers long-term durability and consistent performance, making it an ideal choice for users looking for a combination of advanced hygiene, ease of maintenance, and contemporary design excellence."
9,Agnese Neo One Piece Toilet - S 300,9264131SW,19990,705 x 425 x 745 mm,S-300 mm (12 inches),4D Syphonic Flushing,https://hindware.com/p/bath/agnese-neo-one-piece-toilet-s-300,https://hindwarestg.blob.core.windows.net/container1/products/9264131SW.jpg,Ceramic Body - 10 Years  Seat Cover & Fittings - 1 Year,"The Agnese One Piece Toilet seamlessly blends Italian-inspired design with advanced flushing technology, making it a standout choice for modern bathrooms. Its sleek contours and compact form factor not only enhance aesthetic appeal but also optimize space utilization.​ | | Syphonic Flushing: | Ensures powerful and efficient waste removal with minimal water usage. | | Vortex Action: | Delivers a spiraling flush that covers the entire bowl, enhancing cleanliness and reducing the need for frequent cleaning. | | Soft-Close Duroplast Seat Cover: | Provides a quiet and gentle closing mechanism, adding a touch of sophistication and preventing wear and tear. | | Durable Construction: | Crafted from high-quality ceramic, ensuring longevity and resistance to stains and scratches."
10,Dome Neo One Piece Toilet - S 300,528196,19750,670 x 370 x 750 mm,S-300 mm (12 inches),Syphonic Flushing,https://hindware.com/p/bath/dome-neo-one-piece-toilet-s-300,https://hindwarestg.blob.core.windows.net/container1/products/528196-1778508843081.jpeg,Ceramic Body - 10 Years  Seat Cover & Fittings - 1 Year,"The Dome One Piece Closet balances modern aesthetics with functional innovation, making it an ideal choice for contemporary lifestyles. | | | Seamless One-Piece Construction: | Enhances hygiene and simplifies cleaning with a unified, smooth surface. | | | Soft-Close Seat Cover: | Offers quiet operation and added durability for everyday comfort. | | | Modern Minimalist Design: | Complements a range of interiors while keeping the visual focus clean and uncluttered. | | | Engineered for Efficiency: | Blends thoughtful craftsmanship with reliable performance for daily convenience."
11,Fabio One Piece Toilet - S 300,522589,18500,670x360x750mm,S-300 mm (12 inches),2D Syphonic Flushing,https://hindware.com/p/bath/fabio-one-piece-toilet-s-300,https://hindwarestg.blob.core.windows.net/container1/products/522589.jpg,Ceramic Body - 10 Years  Seat Cover & Fittings - 1 Year,"The Hindware Fabio Closet reimagines bathroom elegance, offering a blend of dynamic design and practical innovation. | | 3D Syphonic Flushing: Delivers a powerful and efficient flush, ensuring thorough cleaning with minimal water usage. | Rimless Bowl Design: Eliminates hidden corners where dirt and bacteria can accumulate, promoting superior hygiene and easier maintenance. | Soft-Close Seat Cover: Provides a quiet and gentle closing action, enhancing user comfort and preventing wear and tear. | Slim, Attractive Cistern: Adds a sleek and modern touch to the overall design, enhancing the bathroom's aesthetic appeal."
12,Ascent One Piece Toilet - S 300,526067,17500,670x360x745mm,S-300 mm (12 inches),3D Syphonic Flushing,https://hindware.com/p/bath/ascent-one-piece-toilet-s-300,https://hindwarestg.blob.core.windows.net/container1/products/526067.jpg,Ceramic Body - 10 Years  Seat Cover & Fittings - 1 Year,"The Hindware Ascent One Piece Closet is designed to elevate your bathroom experience, combining sleek aesthetics with advanced functionality. Its seamless curves and refined silhouette bring a sense of sophistication to any modern bathroom. | | 5D Syphonic Flushing System: Delivers a powerful and efficient flush, ensuring thorough cleaning with minimal water usage. | Rimless Bowl Design: Eliminates hidden corners where dirt and bacteria can accumulate, promoting superior hygiene and easier maintenance. | Soft-Close Seat Cover: Provides a quiet and gentle closing action, enhancing user comfort and preventing wear and tear."
13,Ascent Neo One Piece Toilet - S 300,528381,16500,670 x 360 x 745 mm,S-300 mm (12 inches),Syphonic Flushing,https://hindware.com/p/bath/ascent-neo-one-piece-toilet-s-300,https://hindwarestg.blob.core.windows.net/container1/products/528381-1778505329342.jpeg,Ceramic Body - 10 Years  Seat Cover & Fittings - 1 Year,"The Hindware Ascent Neo One Piece Closet is designed to elevate your bathroom experience, combining sleek aesthetics with advanced functionality. Its seamless curves and refined silhouette bring a sense of sophistication to any modern bathroom. | | | 6D Syphonic Flushing System: | Delivers a powerful and efficient flush, ensuring thorough cleaning with minimal water usage. | | | Rimless Bowl Design: | Eliminates hidden corners where dirt and bacteria can accumulate, promoting superior hygiene and easier maintenance. | | | Soft-Close Seat Cover: | Provides a quiet and gentle closing action, enhancing user comfort and preventing wear and tear.&nbsp;"
14,Studio One Piece Toilet - S 300,525242,15990,655x365x730mm,S-300 mm (12 inches),3D Syphonic Flushing,https://hindware.com/p/bath/studio-one-piece-toilet-s-300,https://hindwarestg.blob.core.windows.net/container1/products/525242.jpg,Ceramic Body - 10 Years  Seat Cover & Fittings - 1 Year,"The Hindware Studio S-22 One Piece Water Closet reimagines bathroom design by blending artistic precision with functional innovation. Its sculpted silhouette and seamless contours bring a refined, gallery-like elegance to modern interiors. | | 3D Syphonic Flushing: Delivers a powerful and efficient flush, ensuring thorough cleaning with minimal water usage. | Rimless Design: Eliminates hidden corners where dirt and bacteria can accumulate, promoting superior hygiene and easier maintenance. | Soft-Close Duroplast Seat Cover: Provides a quiet and gentle closing action, enhancing user comfort and preventing wear and tear. | 10-Year Warranty: Offers peace of mind with a decade-long warranty, reflecting Hindware's commitment to quality and durability."
15,Studio Neo One Piece Toilet - S 300,528339,14990,655 x 365 x 730 mm,S-300 mm (12 inches),Syphonic Flushing,https://hindware.com/p/bath/studio-neo-one-piece-toilet-s-300,https://hindwarestg.blob.core.windows.net/container1/products/528339-1778505752647.jpeg,Ceramic Body - 10 Years  Seat Cover & Fittings - 1 Year,"The Hindware Studio Neo S-300 One Piece Water Closet reimagines bathroom design by blending artistic precision with functional innovation. Its sculpted silhouette and seamless contours bring a refined, gallery-like elegance to modern interiors. | | | 3D Syphonic Flushing: | Delivers a powerful and efficient flush, ensuring thorough cleaning with minimal water usage. | | | Rimless Design: | Eliminates hidden corners where dirt and bacteria can accumulate, promoting superior hygiene and easier maintenance. | | | Soft-Close Duroplast Seat Cover: | Provides a quiet and gentle closing action, enhancing user comfort and preventing wear and tear. | | | 10-Year Warranty: | Offers peace of mind with a decade-long warranty, reflecting Hindware's commitment to quality and durability."
16,Elegance One Piece Toilet - S 300,525184,14900,660 x 360 x 730 mm,S-300 mm (12 inches),4D Syphonic Flushing,https://hindware.com/p/bath/elegance-one-piece-toilet-s-300,https://hindwarestg.blob.core.windows.net/container1/products/525184-1779169216705.jpeg,Ceramic Body - 10 Years  Seat Cover & Fittings - 1 Year,"Hindware Elegance Rimless Closet | | | A seamless blend of understated elegance and intelligent engineering, designed to deliver superior comfort, enhanced hygiene, and effortless functionality for modern bathrooms. | | | Rimless Bowl Technology: | Engineered to ensure powerful, edge-to-edge flushing with no concealed cavities, preventing the buildup of dirt and bacteria while enabling easy maintenance and superior hygiene. | | | 4D Syphonic Flushing System: | Advanced multi-directional flushing mechanism that provides optimized water flow for efficient waste removal, quieter operation, and consistent cleaning performance. | | | Soft-Close Seat Cover: | Designed for smooth, silent closing to enhance user comfort and prevent impact-related wear and tear. | | | Durable Ceramic Construction: | Crafted from premium-grade ceramic for long-lasting durability, complemented by a 10-year warranty for assured reliability."
17,Venice One Piece Toilet - S 300,522539,14900,650x360x730mm,S-300 mm (12 inches),2D Syphonic Flushing,https://hindware.com/p/bath/venice-one-piece-toilet-s-300,https://hindwarestg.blob.core.windows.net/container1/products/522539.jpg,Ceramic Body - 10 Years  Seat Cover & Fittings - 1 Year,"Infuse your bathroom with the tranquil elegance of the Hindware Venice One Piece Closet, where timeless design meets modern functionality. | | | 2D Syphonic Flushing with Vortex Action | : Delivers a powerful and efficient flush, ensuring thorough cleaning with minimal water usage. | | Soft-Close Seat Cover | : Provides a quiet and gentle closing action, enhancing user comfort and preventing wear and tear."
18,Enigma One Piece Toilet - S 300,9263631SW,13200,700x360x760mm,S-300 mm (12 inches),Washdown Flushing,https://hindware.com/p/bath/enigma-one-piece-toilet-s-300,https://hindwarestg.blob.core.windows.net/container1/products/9263631SW.jpg,Ceramic Body - 10 Years  Seat Cover & Fittings - 1 Year,"Introducing the Hindware Enigma S-220 One-Piece Water Closet—a seamless blend of design and practicality, crafted to enhance your daily bathroom experience. | | Soft-Close Seat Cover: Ensures a gentle, noise-free closure, enhancing comfort and preventing wear. | Efficient Dual Flush System: Offers 3/6-liter flush options, promoting water conservation without compromising performance."
19,Prima Syphonic One Piece Toilet - S 300,2019031,12500,645 x 355 x745 mm,S-300 mm (12 inches),Syphonic Flushing,https://hindware.com/p/bath/prima-syphonic-one-piece-toilet-s-300,https://hindwarestg.blob.core.windows.net/container1/products/2019031-1778504151794.jpeg,Ceramic Body - 10 Years  Seat Cover & Fittings - 1 Year,"Discover the essence of understated elegance with the Hindware Prima One-Piece Water Closet—where simplicity meets reliable performance. | | | Soft-Close Seat Cover: | Enjoy a gentle, noise-free closure that prevents slamming and extends seat life. | | | Durable Ceramic Build: | Made from premium-grade ceramic and backed by a 10-year warranty for lasting peace of mind."
20,Tozzo One Piece Toilet - S 300,2014831SW,11990,645x355x675mm,S-300 mm (12 inches),Washdown Flushing,https://hindware.com/p/bath/tozzo-one-piece-toilet-s-300,https://hindwarestg.blob.core.windows.net/container1/products/2014831SW.jpg,Ceramic Body - 10 Years  Seat Cover & Fittings - 1 Year,"Reimagine bathroom hygiene with the Hindware Tozzo Closet—its sleek, square silhouette and intuitive design make it an ideal choice for modern spaces, offering a seamless blend of form and function. | | Soft-Close Seat Cover: Ensures a gentle, noise-free closure, enhancing comfort and preventing wear."
21,Prima Washdown One Piece Toilet - S 300,2018830,11500,645 x 355 x745 mm,S-300 mm (12 inches),Washdown Flushing,https://hindware.com/p/bath/prima-washdown-one-piece-toilet-s-300,https://hindwarestg.blob.core.windows.net/container1/products/2018830-1778504522580.jpeg,Ceramic Body - 10 Years  Seat Cover & Fittings - 1 Year,"Discover the essence of understated elegance with the Hindware Prima One-Piece Water Closet—where simplicity meets reliable performance. | | | Soft-Close Seat Cover: | Enjoy a gentle, noise-free closure that prevents slamming and extends seat life. | | | Durable Ceramic Build: | Made from premium-grade ceramic and backed by a 10-year warranty for lasting peace of mind."
22,Ace Syphonic One Piece Toilet - S 300,2018131,11500,620 X 370 X 745,S-300 mm (12 inches),Syphonic Flushing,https://hindware.com/p/bath/ace-syphonic-one-piece-toilet-s-300,https://hindwarestg.blob.core.windows.net/container1/products/2018131-1778498330451.jpeg,Ceramic Body - 10 Years  Seat Cover & Fittings - 1 Year,"Discover the essence of practical elegance with the Hindware Ace Syphonic One-Piece Closet—where simplicity meets dependable performance. | | | Soft-Close Seat Cover: | Enjoy a gentle, noise-free closure that prevents slamming and prolongs the life of your seat. | | | Powerful Syphonic Flush: | Delivers a single, effective flush for thorough waste removal, reducing the need for multiple flushes. | | | Durable Craftsmanship: | Molded from premium-grade ceramic and backed by a 10-year warranty, it ensures lasting reliability and peace of mind."
23,Ace WashDown One Piece Toilet - S 300,2018431,10500,620 X 370 X 745,S-300 mm (12 inches),Washdown Flushing,https://hindware.com/p/bath/ace-washdown-one-piece-toilet-s-300,https://hindwarestg.blob.core.windows.net/container1/products/2018431-1778503308954.jpeg,Ceramic Body - 10 Years  Seat Cover & Fittings - 1 Year,"Discover the essence of practical elegance with the Hindware Ace Washdown One-Piece Closet—where simplicity meets dependable performance. | | | Soft-Close Seat Cover: | Enjoy a gentle, noise-free closure that prevents slamming and prolongs the life of your seat. | | | Powerful Wash Down Flush: | Delivers a single, effective flush for thorough waste removal, reducing the need for multiple flushes. | | | Durable Craftsmanship: | Molded from premium-grade ceramic and backed by a 10-year warranty, it ensures lasting reliability and peace of mind."
